{
  "hash": "13e68299",
  "configHash": "e3c35965",
  "lockfileHash": "34e4d1b0",
  "browserHash": "20a4cbb6",
  "optimized": {
    "lucide-react": {
      "src": "../../node_modules/lucide-react/dist/esm/lucide-react.js",
      "file": "lucide-react.js",
      "fileHash": "8d13f4ea",
      "needsInterop": false
    },
    "react": {
      "src": "../../node_modules/react/index.js",
      "file": "react.js",
      "fileHash": "a9135d40",
      "needsInterop": true
    },
    "react-dom/client": {
      "src": "../../node_modules/react-dom/client.js",
      "file": "react-dom_client.js",
      "fileHash": "1ea74a6c",
      "needsInterop": true
    },
    "react-router-dom": {
      "src": "../../node_modules/react-router-dom/dist/index.js",
      "file": "react-router-dom.js",
      "fileHash": "5ba212b2",
      "needsInterop": false
    }
  },
  "chunks": {
    "chunk-YBFRUR3B": {
      "file": "chunk-YBFRUR3B.js"
    },
    "chunk-JRE55LYH": {
      "file": "chunk-JRE55LYH.js"
    }
  }
}